<?xml version="1.0" encoding="utf-8"?>
<ModMetaData>
  <name>叙事者兰迪增强</name>
  <author>模组开发者</author>
  <supportedVersions>
    <li>1.6</li>
  </supportedVersions>
  <description></description>
  <packageId>NarrativeRandyEnhanced</packageId>
  <modDependencies>
    <li>
      <packageId>brrainz.harmony</packageId>
      <displayName>Harmony</displayName>
      <steamWorkshopUrl>steam://url/CommunityFilePage/2009463077</steamWorkshopUrl>
      <downloadUrl>https://github.com/pardeike/HarmonyRimWorld/releases/latest</downloadUrl>
    </li>
  </modDependencies>
  <loadAfter>
    <li>brrainz.harmony</li>
  </loadAfter>
</ModMetaData> 